"Problem","Severity","File","Line","Column","Rule","Description","URL","Category","Engine"
"1","3","/Users/madhavimailaram/Downloads/DHS/force-app/main/default/classes/DHSCDRLReportsControllerV2.cls","3","21","ExcessiveClassLength","Avoid really long classes.","https://docs.pmd-code.org/pmd-doc-7.5.0/pmd_rules_apex_design.html#excessiveclasslength","Design","pmd"
"2","3","/Users/madhavimailaram/Downloads/DHS/force-app/main/default/classes/DHSCaseDashboardController.cls","46","19","FieldDeclarationsShouldBeAtStart","Field declaration for 'nextURL' should be before method declarations in its class","https://docs.pmd-code.org/pmd-doc-7.5.0/pmd_rules_apex_codestyle.html#fielddeclarationsshouldbeatstart","Code Style","pmd"
"3","3","/Users/madhavimailaram/Downloads/DHS/force-app/main/default/classes/DHSCaseDashboardController.cls","53","18","FieldDeclarationsShouldBeAtStart","Field declaration for 'records' should be before method declarations in its class","https://docs.pmd-code.org/pmd-doc-7.5.0/pmd_rules_apex_codestyle.html#fielddeclarationsshouldbeatstart","Code Style","pmd"
"4","3","/Users/madhavimailaram/Downloads/DHS/force-app/main/default/classes/DHSCaseDetailController.cls","50","19","FieldDeclarationsShouldBeAtStart","Field declaration for 'nextURL' should be before method declarations in its class","https://docs.pmd-code.org/pmd-doc-7.5.0/pmd_rules_apex_codestyle.html#fielddeclarationsshouldbeatstart","Code Style","pmd"
"5","3","/Users/madhavimailaram/Downloads/DHS/force-app/main/default/classes/DHSForesiteFileUploadPageController.cls","9","41","FieldDeclarationsShouldBeAtStart","Field declaration for 'controller' should be before method declarations in its class","https://docs.pmd-code.org/pmd-doc-7.5.0/pmd_rules_apex_codestyle.html#fielddeclarationsshouldbeatstart","Code Style","pmd"
"6","3","/Users/madhavimailaram/Downloads/DHS/force-app/main/default/classes/DHSInvoiceModuleController.cls","54","34","FieldDeclarationsShouldBeAtStart","Field declaration for 'PAGE_SIZE' should be before method declarations in its class","https://docs.pmd-code.org/pmd-doc-7.5.0/pmd_rules_apex_codestyle.html#fielddeclarationsshouldbeatstart","Code Style","pmd"
"7","3","/Users/madhavimailaram/Downloads/DHS/force-app/main/default/classes/DHSLoginPageController.cls","17","26","FieldDeclarationsShouldBeAtStart","Field declaration for 'systemACCESS' should be before method declarations in its class","https://docs.pmd-code.org/pmd-doc-7.5.0/pmd_rules_apex_codestyle.html#fielddeclarationsshouldbeatstart","Code Style","pmd"
"8","3","/Users/madhavimailaram/Downloads/DHS/force-app/main/default/classes/DHSLoginPageController.cls","18","15","FieldDeclarationsShouldBeAtStart","Field declaration for 'oTPrecId' should be before method declarations in its class","https://docs.pmd-code.org/pmd-doc-7.5.0/pmd_rules_apex_codestyle.html#fielddeclarationsshouldbeatstart","Code Style","pmd"
"9","3","/Users/madhavimailaram/Downloads/DHS/force-app/main/default/classes/DHSSubjectFileUploadPageController.cls","10","41","FieldDeclarationsShouldBeAtStart","Field declaration for 'controller' should be before method declarations in its class","https://docs.pmd-code.org/pmd-doc-7.5.0/pmd_rules_apex_codestyle.html#fielddeclarationsshouldbeatstart","Code Style","pmd"
"10","3","/Users/madhavimailaram/Downloads/DHS/force-app/main/default/triggers/DHSCaseTrigger.trigger","18","17","AvoidDeeplyNestedIfStmts","Deeply nested if..then statements are hard to read","https://docs.pmd-code.org/pmd-doc-7.5.0/pmd_rules_apex_design.html#avoiddeeplynestedifstmts","Design","pmd"
"11","3","/Users/madhavimailaram/Downloads/DHS/force-app/main/default/triggers/DHSCaseTrigger.trigger","65","17","AvoidDeeplyNestedIfStmts","Deeply nested if..then statements are hard to read","https://docs.pmd-code.org/pmd-doc-7.5.0/pmd_rules_apex_design.html#avoiddeeplynestedifstmts","Design","pmd"
"12","3","/Users/madhavimailaram/Downloads/DHS/force-app/main/default/triggers/DHSCaseTrigger.trigger","91","17","AvoidDeeplyNestedIfStmts","Deeply nested if..then statements are hard to read","https://docs.pmd-code.org/pmd-doc-7.5.0/pmd_rules_apex_design.html#avoiddeeplynestedifstmts","Design","pmd"
"13","3","/Users/madhavimailaram/Downloads/DHS/force-app/main/default/triggers/DHSLeadTrigger.trigger","49","21","AvoidDeeplyNestedIfStmts","Deeply nested if..then statements are hard to read","https://docs.pmd-code.org/pmd-doc-7.5.0/pmd_rules_apex_design.html#avoiddeeplynestedifstmts","Design","pmd"
"14","3","/Users/madhavimailaram/Downloads/DHS/force-app/main/default/triggers/DHSLeadTrigger.trigger","86","17","AvoidDeeplyNestedIfStmts","Deeply nested if..then statements are hard to read","https://docs.pmd-code.org/pmd-doc-7.5.0/pmd_rules_apex_design.html#avoiddeeplynestedifstmts","Design","pmd"
"15","3","/Users/madhavimailaram/Downloads/DHS/force-app/main/default/triggers/DHSLeadTrigger.trigger","140","17","AvoidDeeplyNestedIfStmts","Deeply nested if..then statements are hard to read","https://docs.pmd-code.org/pmd-doc-7.5.0/pmd_rules_apex_design.html#avoiddeeplynestedifstmts","Design","pmd"
"16","3","/Users/madhavimailaram/Downloads/DHS/force-app/main/default/triggers/DHSLeadTrigger.trigger","165","17","AvoidDeeplyNestedIfStmts","Deeply nested if..then statements are hard to read","https://docs.pmd-code.org/pmd-doc-7.5.0/pmd_rules_apex_design.html#avoiddeeplynestedifstmts","Design","pmd"
"17","3","/Users/madhavimailaram/Downloads/DHS/force-app/main/default/triggers/DHSLeadTrigger.trigger","179","17","AvoidDeeplyNestedIfStmts","Deeply nested if..then statements are hard to read","https://docs.pmd-code.org/pmd-doc-7.5.0/pmd_rules_apex_design.html#avoiddeeplynestedifstmts","Design","pmd"
"18","3","/Users/madhavimailaram/Downloads/DHS/force-app/main/default/triggers/DHSLeadTrigger.trigger","213","17","AvoidDeeplyNestedIfStmts","Deeply nested if..then statements are hard to read","https://docs.pmd-code.org/pmd-doc-7.5.0/pmd_rules_apex_design.html#avoiddeeplynestedifstmts","Design","pmd"
"19","3","/Users/madhavimailaram/Downloads/DHS/force-app/main/default/triggers/DHSLeadTrigger.trigger","223","17","AvoidDeeplyNestedIfStmts","Deeply nested if..then statements are hard to read","https://docs.pmd-code.org/pmd-doc-7.5.0/pmd_rules_apex_design.html#avoiddeeplynestedifstmts","Design","pmd"
"20","3","/Users/madhavimailaram/Downloads/DHS/force-app/main/default/triggers/DHSLeadTrigger.trigger","232","17","AvoidDeeplyNestedIfStmts","Deeply nested if..then statements are hard to read","https://docs.pmd-code.org/pmd-doc-7.5.0/pmd_rules_apex_design.html#avoiddeeplynestedifstmts","Design","pmd"
"21","3","/Users/madhavimailaram/Downloads/DHS/force-app/main/default/triggers/DHSLeadTrigger.trigger","259","17","AvoidDeeplyNestedIfStmts","Deeply nested if..then statements are hard to read","https://docs.pmd-code.org/pmd-doc-7.5.0/pmd_rules_apex_design.html#avoiddeeplynestedifstmts","Design","pmd"
"22","3","/Users/madhavimailaram/Downloads/DHS/force-app/main/default/triggers/DHSLeadTrigger.trigger","266","17","AvoidDeeplyNestedIfStmts","Deeply nested if..then statements are hard to read","https://docs.pmd-code.org/pmd-doc-7.5.0/pmd_rules_apex_design.html#avoiddeeplynestedifstmts","Design","pmd"
"23","3","/Users/madhavimailaram/Downloads/DHS/force-app/main/default/triggers/DHSLeadTrigger.trigger","297","17","AvoidDeeplyNestedIfStmts","Deeply nested if..then statements are hard to read","https://docs.pmd-code.org/pmd-doc-7.5.0/pmd_rules_apex_design.html#avoiddeeplynestedifstmts","Design","pmd"
"24","3","/Users/madhavimailaram/Downloads/DHS/force-app/main/default/triggers/DHSLeadTrigger.trigger","306","17","AvoidDeeplyNestedIfStmts","Deeply nested if..then statements are hard to read","https://docs.pmd-code.org/pmd-doc-7.5.0/pmd_rules_apex_design.html#avoiddeeplynestedifstmts","Design","pmd"
"25","3","/Users/madhavimailaram/Downloads/DHS/force-app/main/default/triggers/DHSLeadTrigger.trigger","327","17","AvoidDeeplyNestedIfStmts","Deeply nested if..then statements are hard to read","https://docs.pmd-code.org/pmd-doc-7.5.0/pmd_rules_apex_design.html#avoiddeeplynestedifstmts","Design","pmd"
"26","3","/Users/madhavimailaram/Downloads/DHS/force-app/main/default/triggers/DHSLeadTrigger.trigger","485","13","AvoidDeeplyNestedIfStmts","Deeply nested if..then statements are hard to read","https://docs.pmd-code.org/pmd-doc-7.5.0/pmd_rules_apex_design.html#avoiddeeplynestedifstmts","Design","pmd"
